<?xml version="1.0" encoding="utf-8"?>
<VugenScriptMetadata>
  <ScriptName>delete_bron</ScriptName>
  <Protocol>Web - HTTP/HTML</Protocol>
  <ActionFiles>
    <FileEntry Name="vuser_init.c" Filter="2" />
    <FileEntry Name="Action.c" Filter="2" />
    <FileEntry Name="vuser_end.c" Filter="2" />
  </ActionFiles>
  <GeneralFiles>
    <FileEntry Name="delete_bron.usr" Filter="4" />
    <FileEntry Name="default.cfg" Filter="4" />
    <FileEntry Name="default.usp" Filter="4" />
    <FileEntry Name="delete_bron.prm" Filter="2" />
    <FileEntry Name="globals.h" Filter="2" />
    <FileEntry Name="combined_delete_bron.c" Filter="2" />
    <FileEntry Name="pre_cci.c" Filter="2" />
    <FileEntry Name="13030761440.idx" Filter="1" />
    <FileEntry Name="1303076144_2SU.589.idx" Filter="1" />
    <FileEntry Name="1303076144_3Sl.55.idx" Filter="1" />
    <FileEntry Name="1303076144_3SL.913.idx" Filter="1" />
    <FileEntry Name="1303076144_6Ao.553.idx" Filter="1" />
    <FileEntry Name="1303076144_6Ef.499.idx" Filter="1" />
    <FileEntry Name="1303076144_CyB.457.idx" Filter="1" />
    <FileEntry Name="1303076144_EFC.451.idx" Filter="1" />
    <FileEntry Name="1303076144_F3B.477.idx" Filter="1" />
    <FileEntry Name="1303076144_Fj1.677.idx" Filter="1" />
    <FileEntry Name="1303076144_Fye.961.idx" Filter="1" />
    <FileEntry Name="1303076144_GKM.247.idx" Filter="1" />
    <FileEntry Name="1303076144_gQu.301.idx" Filter="1" />
    <FileEntry Name="1303076144_Gvq.349.idx" Filter="1" />
    <FileEntry Name="1303076144_j1p.445.idx" Filter="1" />
    <FileEntry Name="1303076144_kYL.861.idx" Filter="1" />
    <FileEntry Name="1303076144_o0v.771.idx" Filter="1" />
    <FileEntry Name="1303076144_P0Q.147.idx" Filter="1" />
    <FileEntry Name="1303076144_p6v.197.idx" Filter="1" />
    <FileEntry Name="1303076144_PvL.91.idx" Filter="1" />
    <FileEntry Name="1303076144_rN0.647.idx" Filter="1" />
    <FileEntry Name="1303076144_uUK.605.idx" Filter="1" />
    <FileEntry Name="1303076144_wDl.873.idx" Filter="1" />
    <FileEntry Name="1303076144_xd0.3.idx" Filter="1" />
    <FileEntry Name="1303076144_yuP.435.idx" Filter="1" />
    <FileEntry Name="Bookmarks.xml" Filter="1" />
    <FileEntry Name="Breakpoints.xml" Filter="1" />
    <FileEntry Name="CompilerLogMetadata.xml" Filter="1" />
    <FileEntry Name="custom_body_variables.txt" Filter="1" />
    <FileEntry Name="data.zip" Filter="1" />
    <FileEntry Name="delete_bron.c.pickle" Filter="1" />
    <FileEntry Name="delete_bron.ci" Filter="1" />
    <FileEntry Name="delete_bron.prm.bak" Filter="1" />
    <FileEntry Name="logfile.log" Filter="1" />
    <FileEntry Name="lrw_custom_body.h" Filter="1" />
    <FileEntry Name="mdrv.log" Filter="1" />
    <FileEntry Name="mdrv_cmd.txt" Filter="1" />
    <FileEntry Name="options.txt" Filter="1" />
    <FileEntry Name="output.bak" Filter="1" />
    <FileEntry Name="output.txt" Filter="1" />
    <FileEntry Name="OutputColoringDatabase.json" Filter="1" />
    <FileEntry Name="password(1).dat" Filter="1" />
    <FileEntry Name="password.dat" Filter="1" />
    <FileEntry Name="ReplaySummaryReport.xml" Filter="1" />
    <FileEntry Name="ScriptUploadMetadata.xml" Filter="1" />
    <FileEntry Name="ThumbnailsCache.tmp" Filter="1" />
    <FileEntry Name="UserTasks.xml" Filter="1" />
    <FileEntry Name="data\" Filter="1" />
    <FileEntry Name="result1\" Filter="1" />
  </GeneralFiles>
</VugenScriptMetadata>