<?xml version="1.0" encoding="utf-8"?>
<VugenScriptMetadata>
  <ScriptName>bron_itog</ScriptName>
  <Protocol>Web - HTTP/HTML</Protocol>
  <ActionFiles>
    <FileEntry Name="vuser_init.c" Filter="2" />
    <FileEntry Name="Action.c" Filter="2" />
    <FileEntry Name="vuser_end.c" Filter="2" />
  </ActionFiles>
  <GeneralFiles>
    <FileEntry Name="bron_itog.usr" Filter="4" />
    <FileEntry Name="default.cfg" Filter="4" />
    <FileEntry Name="default.usp" Filter="4" />
    <FileEntry Name="bron_itog.prm" Filter="2" />
    <FileEntry Name="globals.h" Filter="2" />
    <FileEntry Name="combined_bron_itog.c" Filter="2" />
    <FileEntry Name="pre_cci.c" Filter="2" />
    <FileEntry Name="111396766440.idx" Filter="1" />
    <FileEntry Name="11139676644_5fG.547.idx" Filter="1" />
    <FileEntry Name="11139676644_6d8.791.idx" Filter="1" />
    <FileEntry Name="11139676644_6zc.509.idx" Filter="1" />
    <FileEntry Name="11139676644_B33.853.idx" Filter="1" />
    <FileEntry Name="11139676644_bBP.401.idx" Filter="1" />
    <FileEntry Name="11139676644_CQn.795.idx" Filter="1" />
    <FileEntry Name="11139676644_eEf.849.idx" Filter="1" />
    <FileEntry Name="11139676644_emC.467.idx" Filter="1" />
    <FileEntry Name="11139676644_gvK.739.idx" Filter="1" />
    <FileEntry Name="11139676644_J73.465.idx" Filter="1" />
    <FileEntry Name="11139676644_jHD.751.idx" Filter="1" />
    <FileEntry Name="11139676644_llF.181.idx" Filter="1" />
    <FileEntry Name="11139676644_oQU.95.idx" Filter="1" />
    <FileEntry Name="11139676644_Pq1.135.idx" Filter="1" />
    <FileEntry Name="11139676644_rL5.355.idx" Filter="1" />
    <FileEntry Name="11139676644_VzM.423.idx" Filter="1" />
    <FileEntry Name="24408978440.idx" Filter="1" />
    <FileEntry Name="68033217440.idx" Filter="1" />
    <FileEntry Name="Bookmarks.xml" Filter="1" />
    <FileEntry Name="Breakpoints.xml" Filter="1" />
    <FileEntry Name="bron_itog.c.pickle" Filter="1" />
    <FileEntry Name="bron_itog.ci" Filter="1" />
    <FileEntry Name="bron_itog.prm.bak" Filter="1" />
    <FileEntry Name="CompilerLogMetadata.xml" Filter="1" />
    <FileEntry Name="custom_body_variables.txt" Filter="1" />
    <FileEntry Name="logfile.log" Filter="1" />
    <FileEntry Name="lrw_custom_body.h" Filter="1" />
    <FileEntry Name="mdrv.log" Filter="1" />
    <FileEntry Name="mdrv9vq.961.log" Filter="1" />
    <FileEntry Name="mdrvVIl.291.log" Filter="1" />
    <FileEntry Name="mdrv_cmd.txt" Filter="1" />
    <FileEntry Name="NewParam.dat" Filter="1" />
    <FileEntry Name="options.txt" Filter="1" />
    <FileEntry Name="output.bak" Filter="1" />
    <FileEntry Name="output.txt" Filter="1" />
    <FileEntry Name="OutputColoringDatabase.json" Filter="1" />
    <FileEntry Name="rCity.dat" Filter="1" />
    <FileEntry Name="ReplaySummaryReport.xml" Filter="1" />
    <FileEntry Name="ScriptUploadMetadata.xml" Filter="1" />
    <FileEntry Name="ThumbnailsCache.tmp" Filter="1" />
    <FileEntry Name="TransactionsData.db" Filter="1" />
    <FileEntry Name="UserTasks.xml" Filter="1" />
    <FileEntry Name="data\" Filter="1" />
    <FileEntry Name="result1\" Filter="1" />
  </GeneralFiles>
</VugenScriptMetadata>